{"roc_auc": 0.6004, "weighted_precision": 0.6034, "weighted_recall": 0.5159, "weighted_f1": 0.4554, "micro_precision": 0.5817, "micro_recall": 0.5159, "micro_f1": 0.5468, "_timestamp": 1668931606.1487408, "_runtime": 3001.51251077652, "_step": 0, "_wandb": {"runtime": 3001}}