{"roc_auc_micro": 0.7133145601066233, "roc_auc_weighted": 0.5931462761818644, "weighted_precision": 0.6319619558673742, "weighted_recall": 0.2563957002711011, "weighted_f1": 0.23813026797876663, "micro_precision": 0.6240245753666608, "micro_recall": 0.2563957002711011, "micro_f1": 0.3634564591816383, "_timestamp": 1754664327.9002588, "_runtime": 60426.690143823624, "_step": 0, "_wandb": {"runtime": 60418}}