{"roc_auc_micro_score": 0.5412122457390024, "roc_auc_weighted_score": 0.5149772339087602, "precision_micro": 0.3287344472946084, "precision_weighted": 0.3591082481113875, "recall_micro": 0.4715480703926272, "recall_weighted": 0.4715480703926272, "f1_micro": 0.38739842709882016, "f1_weighted": 0.331220715799886, "epoch": 1, "elapsed_time": 55.635462045669556, "loss/train": 1.0119236707687378, "loss/eval": 0.6908187866210938, "lr": 3.077914851215585e-07, "_timestamp": 1753028809.7968345, "_runtime": 86.76917839050293, "_step": 1, "_wandb": {"runtime": 88}}