{"roc_auc_micro_score": 0.5477031488940204, "roc_auc_weighted_score": 0.5249449130520069, "precision_micro": 0.32893295392692523, "precision_weighted": 0.3655267418051566, "recall_micro": 0.4104316577687222, "recall_weighted": 0.4104316577687222, "f1_micro": 0.3651905851035348, "f1_weighted": 0.31738175958917547, "epoch": 2, "elapsed_time": 82.0466833114624, "loss/train": 0.9774429202079773, "loss/eval": 0.6900801658630371, "lr": 1.3695261579316777e-07, "_timestamp": 1753032111.2896428, "_runtime": 112.57780480384827, "_step": 2, "_wandb": {"runtime": 114}}