{"roc_auc": 0.5219, "weighted_precision": 0.599, "weighted_recall": 0.5015, "weighted_f1": 0.4338, "micro_precision": 0.5769, "micro_recall": 0.5015, "micro_f1": 0.5366, "_timestamp": 1668244741.1284728, "_runtime": 2799.5239737033844, "_step": 0, "_wandb": {"runtime": 2798}}