{"roc_auc": 0.5264, "weighted_precision": 0.6012, "weighted_recall": 0.5102, "weighted_f1": 0.4467, "micro_precision": 0.5794, "micro_recall": 0.5102, "micro_f1": 0.5426, "_timestamp": 1668307737.3850286, "_runtime": 1425.48854970932, "_step": 0, "_wandb": {"runtime": 1424}}