{"roc_auc_micro": 0.7140300781864198, "roc_auc_weighted": 0.5954876805370259, "weighted_precision": 0.5992930861869341, "weighted_recall": 0.2642800618279001, "weighted_f1": 0.25345881216310073, "micro_precision": 0.621749895368865, "micro_recall": 0.2642800618279001, "micro_f1": 0.3709041651581168, "_timestamp": 1754578801.5335836, "_runtime": 123374.46435856819, "_step": 0, "_wandb": {"runtime": 123369}}