{"epoch": 19, "elapsed_time": 28967.16048359871, "loss/train": 0.5472418069839478, "loss/eval": 0.5897215604782104, "lr": 4.951926939646686e-05, "roc_auc_score": {"roc_auc": 0.7254070616865342}, "_timestamp": 1668419773.549054, "_runtime": 28988.61360692978, "_step": 19, "_wandb": {"runtime": 29022}}