{"roc_auc_micro": 0.7099557700679754, "roc_auc_weighted": 0.5838750609772652, "weighted_precision": 0.5869745818773624, "weighted_recall": 0.2686353409012428, "weighted_f1": 0.26236640470051253, "micro_precision": 0.6154877193257484, "micro_recall": 0.2686353409012428, "micro_f1": 0.3740242976111284, "_timestamp": 1754393872.9750173, "_runtime": 24570.559608221054, "_step": 0, "_wandb": {"runtime": 24570}}