{"epoch": 0, "elapsed_time": 1027.878291130066, "loss/train": 0.6395425796508789, "loss/eval": 0.6304416060447693, "lr": 4.99465318753908e-05, "roc_auc_score": {"roc_auc": 0.6834178633542448}, "_timestamp": 1668130177.4326956, "_runtime": 1044.4133496284485, "_step": 0, "_wandb": {"runtime": 1044}}