{"roc_auc": 0.53, "weighted_precision": 0.6029, "weighted_recall": 0.5164, "weighted_f1": 0.4559, "micro_precision": 0.5815, "micro_recall": 0.5164, "micro_f1": 0.547, "_timestamp": 1668238893.3244627, "_runtime": 1560.7647376060486, "_step": 0, "_wandb": {"runtime": 1560}}