{"roc_auc_micro_score": 0.680597334469436, "roc_auc_weighted_score": 0.6684822677722868, "precision_micro": 0.41747725547990944, "precision_weighted": 0.4704519773237829, "recall_micro": 0.574104944759981, "recall_weighted": 0.574104944759981, "f1_micro": 0.4834208533349184, "f1_weighted": 0.500231393782453, "epoch": 4, "elapsed_time": 9313.388016700745, "loss/train": 0.8854662179946899, "loss/eval": 0.6289619207382202, "lr": 4.9969872431636654e-05, "_timestamp": 1753069855.2594326, "_runtime": 9355.803780555725, "_step": 4, "_wandb": {"runtime": 9373}}