{"roc_auc_micro": 0.7139921428852214, "roc_auc_weighted": 0.5957594615322561, "weighted_precision": 0.6344082237458599, "weighted_recall": 0.25485513442479374, "weighted_f1": 0.23604938036599296, "micro_precision": 0.625164890439318, "micro_recall": 0.25485513442479374, "micro_f1": 0.36209740162486925, "_timestamp": 1754785169.2751405, "_runtime": 120826.40891957283, "_step": 0, "_wandb": {"runtime": 120818}}