{"epoch": 19, "elapsed_time": 31601.5643222332, "loss/train": 0.5288717746734619, "loss/eval": 0.5938834547996521, "lr": 4.951926939646686e-05, "roc_auc_score": {"roc_auc": 0.7261202163347078}, "_timestamp": 1668246204.5006304, "_runtime": 31634.384622335434, "_step": 19, "_wandb": {"runtime": 31687}}