{"steps": 6, "loss/train": 0.6782516241073608, "loss/eval": 0.6811208724975586, "lr": 4.953138276568462e-05, "roc_auc_score": {"roc_auc": 0.6046622467070148}, "precision_micro": {"precision": 0.5892740885416666}, "precision_weighted": {"precision": 0.5852351469728289}, "recall_micro": {"recall": 0.5892740885416666}, "recall_weighted": {"recall": 0.5892740885416666}, "f1_micro": {"f1": 0.5892740885416666}, "f1_weighted": {"f1": 0.57961514768814}, "_timestamp": 1668025499.0845613, "_runtime": 870.3787434101105, "_step": 0, "_wandb": {"runtime": 997}}