{"roc_auc_micro_score": 0.7108377167100135, "roc_auc_weighted_score": 0.6851352803827647, "precision_micro": 0.44011017402564756, "precision_weighted": 0.48695756927380246, "recall_micro": 0.558553670453628, "recall_weighted": 0.558553670453628, "f1_micro": 0.492308106406293, "f1_weighted": 0.5090005245862466, "epoch": 19, "elapsed_time": 59165.16109800339, "loss/train": 0.6988515257835388, "loss/eval": 0.6407932639122009, "lr": 4.951924599738779e-05, "_timestamp": 1753213237.658095, "_runtime": 59208.97147989273, "_step": 19, "_wandb": {"runtime": 59219}}