{"roc_auc_micro_score": 0.689289329263712, "roc_auc_weighted_score": 0.675873176337764, "precision_micro": 0.4184941535854743, "precision_weighted": 0.47180724408285585, "recall_micro": 0.5893297708153593, "recall_weighted": 0.5893297708153593, "f1_micro": 0.4894328416875422, "f1_weighted": 0.5081629479107233, "epoch": 19, "elapsed_time": 36977.21817493439, "loss/train": 0.8269997835159302, "loss/eval": 0.624116837978363, "lr": 4.951926939646686e-05, "_timestamp": 1753412640.2070546, "_runtime": 37019.75107359886, "_step": 19, "_wandb": {"runtime": 37127}}