{"roc_auc": 0.53, "weighted_precision": 0.6029, "weighted_recall": 0.5164, "weighted_f1": 0.4559, "micro_precision": 0.5815, "micro_recall": 0.5164, "micro_f1": 0.547, "_timestamp": 1668311076.9407754, "_runtime": 1554.2718102931976, "_step": 0, "_wandb": {"runtime": 1553}}