{"steps": 6, "loss/train": 0.6792973279953003, "loss/eval": {"_type": "histogram", "values": [1, 0, 1, 4, 32, 176, 450, 620, 416, 189, 80, 32, 50, 93, 356, 504, 496, 349, 177, 52, 23, 20, 100, 290, 487, 562, 382, 155, 40, 4, 1, 2], "bins": [-1.267578125, -1.20391845703125, -1.1402587890625, -1.07659912109375, -1.012939453125, -0.94927978515625, -0.8856201171875, -0.82196044921875, -0.75830078125, -0.69464111328125, -0.6309814453125, -0.56732177734375, -0.503662109375, -0.44000244140625, -0.3763427734375, -0.31268310546875, -0.2490234375, -0.18536376953125, -0.1217041015625, -0.05804443359375, 0.005615234375, 0.06927490234375, 0.1329345703125, 0.19659423828125, 0.26025390625, 0.32391357421875, 0.3875732421875, 0.45123291015625, 0.514892578125, 0.57855224609375, 0.6422119140625, 0.70587158203125, 0.76953125]}, "lr": 4.914814565722671e-05, "accuracy": {"accuracy": 0.5903828938802084}, "roc_auc_score": {"roc_auc": 0.5763975088482252}, "precision_micro": {"precision": 0.5903828938802084}, "precision_weighted": {"precision": 0.5864967589333459}, "recall_micro": {"recall": 0.5903828938802084}, "recall_weighted": {"recall": 0.5903828938802084}, "f1_micro": {"f1": 0.5903828938802084}, "f1_weighted": {"f1": 0.5795415565625719}, "_timestamp": 1666628708.5005476, "_runtime": 857.7324376106262, "_step": 0, "_wandb": {"runtime": 1224}}