{"roc_auc": 0.5979, "weighted_precision": 0.6012, "weighted_recall": 0.5102, "weighted_f1": 0.4467, "micro_precision": 0.5794, "micro_recall": 0.5102, "micro_f1": 0.5426, "_timestamp": 1668933002.7934585, "_runtime": 1388.4050724506378, "_step": 0, "_wandb": {"runtime": 1387}}