{"roc_auc": 0.5221, "weighted_precision": 0.5978, "weighted_recall": 0.5047, "weighted_f1": 0.437, "micro_precision": 0.5761, "micro_recall": 0.5047, "micro_f1": 0.538, "_timestamp": 1668309515.0448346, "_runtime": 160.41708159446716, "_step": 0, "_wandb": {"runtime": 159}}