{"roc_auc": 0.5264, "weighted_precision": 0.6012, "weighted_recall": 0.5102, "weighted_f1": 0.4467, "micro_precision": 0.5794, "micro_recall": 0.5102, "micro_f1": 0.5426, "_timestamp": 1668306132.3082268, "_runtime": 1452.710825920105, "_step": 0, "_wandb": {"runtime": 1452}}