{"epoch": 19, "elapsed_time": 35763.15666818619, "loss/train": 0.5472418069839478, "loss/eval": 0.5897215604782104, "lr": 4.951926939646686e-05, "roc_auc_score": {"roc_auc": 0.7254070616865342}, "_timestamp": 1668318899.7330582, "_runtime": 35784.97159719467, "_step": 19, "_wandb": {"runtime": 35790}}