{"roc_auc": 0.5218, "weighted_precision": 0.5976, "weighted_recall": 0.5034, "weighted_f1": 0.4356, "micro_precision": 0.5762, "micro_recall": 0.5034, "micro_f1": 0.5374, "_timestamp": 1668297257.599825, "_runtime": 153.19353580474854, "_step": 0, "_wandb": {"runtime": 152}}