{"roc_auc": 0.6003, "weighted_precision": 0.5966, "weighted_recall": 0.5246, "weighted_f1": 0.4647, "micro_precision": 0.579, "micro_recall": 0.5246, "micro_f1": 0.5505, "_timestamp": 1668911084.1425626, "_runtime": 160.66106271743774, "_step": 0, "_wandb": {"runtime": 160}}