{"roc_auc_micro_score": 0.6942444659695717, "roc_auc_weighted_score": 0.6792097043905574, "precision_micro": 0.4166475877441213, "precision_weighted": 0.4718581887605288, "recall_micro": 0.5966054475012886, "recall_weighted": 0.5966054475012886, "f1_micro": 0.4906458937499442, "f1_weighted": 0.510584326066542, "epoch": 19, "elapsed_time": 36984.516884088516, "loss/train": 0.7762013673782349, "loss/eval": 0.6254756450653076, "lr": 4.951926939646686e-05, "_timestamp": 1753140842.0274498, "_runtime": 37027.57513189316, "_step": 19, "_wandb": {"runtime": 37062}}