{"epoch": 2, "elapsed_time": 3317.0716750621796, "loss/train": 0.6223299503326416, "loss/eval": 0.6211358904838562, "lr": 4.9519534546617756e-05, "roc_auc_score": {"roc_auc": 0.701584436761955}, "_timestamp": 1668134416.19736, "_runtime": 3334.529631137848, "_step": 2, "_wandb": {"runtime": 3338}}