{"steps": 9, "loss/train": 0.6769091486930847, "loss/eval": {"_type": "histogram", "values": [1, 1, 10, 29, 202, 536, 741, 347, 108, 56, 14, 19, 75, 310, 475, 480, 420, 199, 63, 20, 28, 134, 411, 455, 458, 369, 139, 38, 2, 2, 0, 2], "bins": [-0.94091796875, -0.891937255859375, -0.84295654296875, -0.793975830078125, -0.7449951171875, -0.696014404296875, -0.64703369140625, -0.598052978515625, -0.549072265625, -0.500091552734375, -0.45111083984375, -0.402130126953125, -0.3531494140625, -0.304168701171875, -0.25518798828125, -0.206207275390625, -0.1572265625, -0.108245849609375, -0.05926513671875, -0.010284423828125, 0.0386962890625, 0.087677001953125, 0.13665771484375, 0.185638427734375, 0.234619140625, 0.283599853515625, 0.33258056640625, 0.381561279296875, 0.4305419921875, 0.479522705078125, 0.52850341796875, 0.577484130859375, 0.62646484375]}, "lr": 4.783863644106502e-05, "accuracy": {"accuracy": 0.5907999674479166}, "roc_auc_score": {"roc_auc": 0.5763452559132691}, "precision_micro": {"precision": 0.5907999674479166}, "precision_weighted": {"precision": 0.5867126026167677}, "recall_micro": {"recall": 0.5907999674479166}, "recall_weighted": {"recall": 0.5907999674479166}, "f1_micro": {"f1": 0.5907999674479166}, "f1_weighted": {"f1": 0.5797693067717266}, "_timestamp": 1666586107.0040605, "_runtime": 441.72360944747925, "_step": 0, "_wandb": {"runtime": 669}}