{"roc_auc": 0.5943, "weighted_precision": 0.5987, "weighted_recall": 0.5005, "weighted_f1": 0.4326, "micro_precision": 0.5767, "micro_recall": 0.5005, "micro_f1": 0.5359, "_timestamp": 1668923966.2216988, "_runtime": 2613.937074661255, "_step": 0, "_wandb": {"runtime": 2613}}