{"roc_auc_micro": 0.6223637553947132, "roc_auc_weighted": 0.5544237507520272, "weighted_precision": 0.5835475601856915, "weighted_recall": 0.5074626865671642, "weighted_f1": 0.43086726992851626, "micro_precision": 0.5590955806783144, "micro_recall": 0.5074626865671642, "micro_f1": 0.5320293398533007, "_timestamp": 1753163235.952277, "_runtime": 3.9663589000701904, "_step": 0, "_wandb": {"runtime": 3}}