{"roc_auc": 0.5219, "weighted_precision": 0.5986, "weighted_recall": 0.5016, "weighted_f1": 0.4339, "micro_precision": 0.5769, "micro_recall": 0.5016, "micro_f1": 0.5366, "_timestamp": 1668304670.5960472, "_runtime": 1427.5025820732117, "_step": 0, "_wandb": {"runtime": 1427}}