{"epoch": 0, "elapsed_time": 1024.390853881836, "loss/train": 0.6395425796508789, "loss/eval": 0.6304416060447693, "lr": 4.99465318753908e-05, "roc_auc_score": {"roc_auc": 0.6834178633542448}, "_timestamp": 1668128847.9112415, "_runtime": 1040.993227481842, "_step": 0, "_wandb": {"runtime": 1040}}