{"roc_auc_micro": 0.7129477294477932, "roc_auc_weighted": 0.5917454188021212, "weighted_precision": 0.5964729669093415, "weighted_recall": 0.26616979409017133, "weighted_f1": 0.2563440069047761, "micro_precision": 0.6200505270372447, "micro_recall": 0.26616979409017133, "micro_f1": 0.3724552849274537, "_timestamp": 1754455407.4760797, "_runtime": 61525.163403749466, "_step": 0, "_wandb": {"runtime": 61523}}