{"roc_auc_micro": 0.6863102818181818, "roc_auc_weighted": 0.5318446628227552, "weighted_precision": 0.34324654311955877, "weighted_recall": 0.217, "weighted_f1": 0.19347736830866188, "micro_precision": 0.62, "micro_recall": 0.217, "micro_f1": 0.3214814814814815, "_timestamp": 1754369150.2095199, "_runtime": 8.626173973083496, "_step": 0, "_wandb": {"runtime": 8}}