{"roc_auc_micro_score": 0.5470442174347412, "roc_auc_weighted_score": 0.5241350942868662, "precision_micro": 0.32924022062450486, "precision_weighted": 0.36673373310427065, "recall_micro": 0.4101196294744682, "recall_weighted": 0.4101196294744682, "f1_micro": 0.3652561801199749, "f1_weighted": 0.31735183889593, "epoch": 2, "elapsed_time": 251.88232326507568, "loss/train": 0.9774429202079773, "loss/eval": 0.690108060836792, "lr": 1.3695261579316777e-07, "_timestamp": 1753022531.013016, "_runtime": 284.9117360115051, "_step": 2, "_wandb": {"runtime": 369}}