{"roc_auc_micro_score": 0.5370777921332321, "roc_auc_weighted_score": 0.5122853249175651, "precision_micro": 0.3236848995326192, "precision_weighted": 0.3572091084057767, "recall_micro": 0.4995314608963282, "recall_weighted": 0.4995314608963282, "f1_micro": 0.3928269614305514, "f1_weighted": 0.33579449395073463, "epoch": 0, "elapsed_time": 26.70765781402588, "loss/train": 0.9668404459953308, "loss/eval": 0.6914884448051453, "lr": 3.969463130731183e-05, "_timestamp": 1753030956.4628446, "_runtime": 58.609293699264526, "_step": 0, "_wandb": {"runtime": 60}}