{"epoch": 19, "elapsed_time": 27046.09713077545, "loss/train": 0.5649191737174988, "loss/eval": 0.5918482542037964, "lr": 4.951926939646686e-05, "roc_auc_score": {"roc_auc": 0.7248524146531734}, "_timestamp": 1668161897.3517306, "_runtime": 27063.001908540726, "_step": 19, "_wandb": {"runtime": 27108}}