{"roc_auc": 0.5949, "weighted_precision": 0.5973, "weighted_recall": 0.506, "weighted_f1": 0.4386, "micro_precision": 0.5761, "micro_recall": 0.506, "micro_f1": 0.5388, "_timestamp": 1668924129.72774, "_runtime": 153.9090211391449, "_step": 0, "_wandb": {"runtime": 153}}