{"epoch": 0, "elapsed_time": 1040.0532803535461, "loss/train": 0.6395425796508789, "loss/eval": 0.6304416060447693, "lr": 4.99465318753908e-05, "roc_auc_score": {"roc_auc": 0.6834178633542448}, "_timestamp": 1668127689.3315072, "_runtime": 1056.2903332710266, "_step": 0, "_wandb": {"runtime": 1057}}