{"roc_auc_micro": 0.7114014727568133, "roc_auc_weighted": 0.5882966676803907, "weighted_precision": 0.6448663875568776, "weighted_recall": 0.2524500983888097, "weighted_f1": 0.23013970945024612, "micro_precision": 0.6220447301177524, "micro_recall": 0.2524500983888097, "micro_f1": 0.3591450702770824, "_timestamp": 1754809620.9917092, "_runtime": 24429.67693924904, "_step": 0, "_wandb": {"runtime": 24422}}