{"roc_auc_micro": 0.712871693616058, "roc_auc_weighted": 0.5937010824937259, "weighted_precision": 0.6496345405269465, "weighted_recall": 0.2498977410664821, "weighted_f1": 0.22621975705319497, "micro_precision": 0.6243522679436471, "micro_recall": 0.2498977410664821, "micro_f1": 0.35693273041086043, "_timestamp": 1754869466.1267984, "_runtime": 59830.19308233261, "_step": 0, "_wandb": {"runtime": 59822}}